Genome	P102_notmapped.1.fq Relative Abundance (%)	P107_notmapped.1.fq Relative Abundance (%)	P143_notmapped.1.fq Relative Abundance (%)	P149_notmapped.1.fq Relative Abundance (%)	P14_notmapped.1.fq Relative Abundance (%)	P167_notmapped.1.fq Relative Abundance (%)	P178_notmapped.1.fq Relative Abundance (%)	P179_notmapped.1.fq Relative Abundance (%)	P186_notmapped.1.fq Relative Abundance (%)	P190_notmapped.1.fq Relative Abundance (%)	P191_notmapped.1.fq Relative Abundance (%)	P196_notmapped.1.fq Relative Abundance (%)	P212_notmapped.1.fq Relative Abundance (%)	P225_notmapped.1.fq Relative Abundance (%)	P261_notmapped.1.fq Relative Abundance (%)	P265_notmapped.1.fq Relative Abundance (%)	P266_notmapped.1.fq Relative Abundance (%)	P276_notmapped.1.fq Relative Abundance (%)	P291_notmapped.1.fq Relative Abundance (%)	P294_notmapped.1.fq Relative Abundance (%)	P295_notmapped.1.fq Relative Abundance (%)	P301_notmapped.1.fq Relative Abundance (%)	P304_notmapped.1.fq Relative Abundance (%)	P41_notmapped.1.fq Relative Abundance (%)	P43_notmapped.1.fq Relative Abundance (%)	P46_notmapped.1.fq Relative Abundance (%)	P47_notmapped.1.fq Relative Abundance (%)	P74_notmapped.1.fq Relative Abundance (%)	P75_notmapped.1.fq Relative Abundance (%)	P82_notmapped.1.fq Relative Abundance (%)	P84_notmapped.1.fq Relative Abundance (%)	P9_notmapped.1.fq Relative Abundance (%)
unmapped	86.643776	91.04793	89.73872	77.63338	78.56896	94.6489	88.82167	78.50971	83.558495	75.57323	78.24284	89.39433	87.99024	91.98609	76.31222	94.99616	96.31247	93.40215	73.18673	87.55519	77.969635	80.83287	76.41382	84.838974	80.291626	90.74711	89.393654	96.02066	91.368904	71.75184	93.06015	87.00342
metabat.40	0.005200072	0.0037094243	0.019990182	0.19585583	0.08092302	0.004812014	0.002298113	0.07620811	0.0023056685	0.0037397365	0.0020512678	0.016084792	0.0095337685	0.006424788	0.18946604	0.003805076	0.0041820672	0.010958221	0.04043501	0.051904824	0.032414295	0.004439939	0.13181965	0.0044508236	0.008026095	0.012903711	0.002408673	0.0017325508	0.0020968851	0.113216154	0.0012604857	0.002198651
metabat.386	0.21597393	0.027351035	0.07227718	0.07407956	10.503467	0.049596876	0.09073543	0.8990367	0.046538267	0.011604908	0.0530233	0.19900613	0.10697957	0.15607016	2.8277955	0.015808547	0.055521145	0.13950804	7.2343087	0.14762273	2.0359495	6.452167	1.2249172	0.075907126	0.32435054	0.45944414	0.021202657	0.07949217	0.04239014	0.057896804	0.09115903	0.011304133
metabat.245	0.09346149	0.08738948	0.85585725	0.47382173	0.082391426	0.009792647	0.0027730046	0.062570594	0.041696172	0.0052191042	0.008527356	0.012764506	0.3300023	0.04748455	2.1924548	0.003930097	0.07778632	0.068220265	0.059415154	0.0123663945	1.5782481	0.67466944	0.11860678	0.015523531	0.0070896177	0.6209647	0.005097543	0.0020179392	0.04636102	0.0048845	0.018421099	0.03295185
metabat.478	0.011940495	0.007323819	0.0039036823	0.010673632	0.0137825385	0.0027665088	0.01346736	0.014872396	0.012027687	0.002869042	0.011063266	0.009040719	0.0072578103	0.041503027	0.011799365	0.0035748482	0.012906653	0.0062445104	0.009911058	0.010797828	0.01921981	0.010118276	0.19467321	0.009560607	0.009500986	1.2610612	0.0061191777	0.0038320443	0.004384003	0.009470899	0.011748953	0.007406252
metabat.230	0.009512319	0.018257478	0.054927256	0.0059313485	0.02221141	0.0009814765	0.027477512	0.047710776	0.005495484	0.065462805	0.039247133	0.012180005	0.054408766	0.007825282	0.104765676	0.0015418163	0.0018495468	0.0037516158	0.0061918297	0.024520053	0.43388808	0.0032396666	0.032048065	0.015322356	0.0142658185	0.004263067	0.0055186837	0.0027263365	0.0042889384	0.017916705	0.0045598377	0.0062358105
metabat.321	0.0066138012	0.0006697438	0.0007036318	0.035845324	0.003322512	0.0015411262	0.0122189475	0.0072387788	0.004017403	0.0021323378	0.0051767267	0.004678877	0.006597624	0.0011572876	0.008733907	0.00093930174	0.0011476062	0.0056563467	0.023122711	0.2125075	0.004905477	0.006546091	0.0041907006	0.005335242	0.0067275707	0.0014436803	0.0019440242	0.0018880469	0.0029872057	0.013500333	0.0010538375	0.004242183
metabat.218	0.017551133	0.0014924429	0.0027255174	0.11712226	0.0048967507	0.0045707426	0.00047183447	0.010685643	0.0027892222	0.002274832	0.00087242597	0.010499446	0.0098357	0.0007430369	0.14752434	0.0027247851	0.0022533257	0.0027860913	0.020532887	0.018898482	0.0013453709	0.0023991896	0.0034420956	0.0044034715	0.0018124463	0.006700022	0.00093676656	0.00065567263	0.0022250016	0.08602015	0.0008632819	0.0018929013
metabat.19	0.01061349	0.0375591	0.0024844331	0.0037026294	0.003692765	0.0006200675	0.015834957	0.0061120116	0.009834254	0.029435359	0.01800965	0.0055546267	0.00599782	0.008485455	0.004012523	0.0057259514	0.0051564523	0.0009734276	0.0030962708	0.006483647	0.005068243	0.0035219071	0.007510532	0.0178314	0.0045152702	0.0043154983	0.019628229	0.03698099	0.54588294	0.0039390125	0.013197803	0.03454139
metabat.546	0.057964586	0.013740831	0.09405795	0.13222899	0.2408221	0.0069074086	0.009606105	0.064581275	0.019470826	0.00075880723	0.0034476514	0.06218554	0.04131846	0.073137835	0.3774349	0.0029416766	0.01615692	0.035542965	0.6256407	0.04428097	0.40280735	1.0454595	0.20524785	0.033556722	0.09188602	0.11865602	0.004124148	0.0031958658	0.01143997	0.021959117	0.0667015	0.0039738277
metabat.142	0.027321631	0.04143491	0.09739351	0.20856974	0.025236348	0.0128764	0.024509326	0.2777706	0.0060883756	0.0071922075	1.5970083	0.021495383	0.030610638	0.0522649	0.75275266	0.009101342	0.011615277	0.0207138	0.34378895	0.14075467	0.107440844	0.011717294	1.5382799	0.016554302	0.3997716	0.055247884	0.008839137	0.011300601	0.023857445	0.66941684	0.034141578	0.0054322733
metabat.64	0.056583196	0.03782266	0.21799274	0.0023932974	0.0091143865	0.5586756	0.0009782263	0.00038915675	0.05151125	0.02494903	0.0036176846	0.04794097	0.0011597947	0.010386757	0.0018383038	2.1332755	0.005968638	0.25481787	0.00048744355	0.061699405	0.002612495	0.0026539592	0.0021944891	0.008283671	0.0028642258	0.010741021	0.035277016	0.37691274	0.22696322	0.0026734043	0.10588914	0.68837845
metabat.163	0.0011579825	0.031158045	0.00018015775	0.00042603773	0.000359867	0.00015362806	0.0015146891	0.0005876267	0.010906757	0.0076028504	0.001088566	0.00073109905	0.00039450504	0.00032160408	0.00055667036	0.0016916905	0.00018038339	0.00035199182	0.0003412347	0.00054080656	0.00033687675	0.00023998716	0.0008532446	0.0030557185	0.0006018619	0.0016477108	0.0016322895	0.0011083777	0.0012780511	0.00086184073	0.00057683146	0.24516512
metabat.571	0.14967895	0.0075301286	0.043245144	0.038791608	0.014035454	0.035678416	0.04977318	0.015727103	0.017956153	0.63900244	0.04333215	0.044633534	0.16738601	0.0057969145	0.011608264	0.012977213	0.007023408	0.015664224	0.024015734	0.47889486	0.0105012385	0.0055437423	0.01001525	0.24083358	0.026970105	0.005187853	0.070704766	0.005697677	0.072784595	0.024974968	0.007336387	0.055683073
metabat.221	0.023622945	0.001475626	0.0007304898	0.04820994	0.0020237654	0.006433447	0.04490529	0.005637236	0.005589718	0.017216586	0.009714275	0.027665477	0.009029137	0.0012908906	0.012085258	0.0016891169	0.0021531996	0.0032582437	0.03458201	0.06886158	0.0023801131	0.0020525046	0.010392155	0.005500214	0.006630512	0.0015414411	0.00398228	0.0011177687	0.0024489763	0.006870601	0.0024555365	0.005278783
metabat.195	0.025499234	0.0069670216	0.006637159	0.49764696	0.0049373866	0.020131808	0.041997254	0.11348458	0.008521548	0.016076628	0.008010054	0.022368874	0.0549331	0.019194383	0.14735955	0.00456744	0.0045993687	0.049423166	0.13551742	0.0707195	0.021388872	0.07567956	0.07010665	0.021757688	0.11661918	0.0231101	0.007626173	0.0030946122	0.0042265374	0.3240682	0.012493709	0.005382467
metabat.360	0.003560777	0.0033485899	0.00036378094	0.005299419	0.0007479535	0.0005759308	0.0063323188	0.005706113	0.0011745123	0.032002088	0.050504483	0.007158277	0.0107534155	0.00062027056	0.0031535542	0.0004990776	0.0005280754	0.005171515	0.0020600539	0.01089198	0.0016031031	0.00093031384	0.00080540683	0.9379947	0.0007014884	0.0007264589	0.017455362	0.010243433	0.00078272755	0.0016482053	0.004722265	0.010241003
metabat.459	0.05258913	0.004906107	0.008802668	0.0727915	0.026100865	0.012465093	0.027038408	0.15823212	0.058062505	0.012330624	0.032765936	0.06570346	0.0249121	0.015927186	0.19303574	0.0143659385	0.0069574583	0.061384127	0.047086917	0.090518914	0.03156854	0.15355878	0.034756362	0.075438246	0.09565133	0.032408394	0.02744419	0.0076930425	0.011776097	0.12248514	0.034125544	0.024613181
metabat.444	0.0068158098	0.012629124	0.0003551256	0.0004074785	0.00033444283	0.022216158	0.0030079863	0.00037376527	3.601652	0.033275016	0.0030206551	0.0010607961	0.00084088003	0.0019330304	0.0052394057	0.09669267	0.008224946	0.00042638936	0.00060607155	0.0015734343	0.00089249446	0.0004581881	0.0019453935	0.009923937	0.0018239045	0.012027805	0.010024246	0.0008973772	0.011487665	0.0013419996	0.0021323366	0.54182994
metabat.422	0.05326305	0.0013691952	0.0110669285	1.1872145	0.058749847	0.004644789	0.024685228	0.038984973	0.04547443	0.006307451	0.012730147	0.0395898	0.01052913	0.009794311	0.020541936	0.0061565274	0.0024984952	0.049708005	0.015027771	0.044599816	0.016337443	0.01102376	0.01287178	0.060310863	0.06461448	0.0058910935	0.015826471	0.0045526745	0.011646244	0.042305853	0.12574446	0.06287984
metabat.205	0.3530359	0.08275356	0.033655442	0.02893326	0.015162082	0.012451484	0.92115676	0.17282589	0.018715585	0.014344807	0.19822627	0.15667215	0.9374333	0.052667726	0.08203239	0.008738912	0.039171886	0.003487815	0.035650812	0.38700294	0.10122584	0.012540337	0.27408874	0.036846504	0.07992045	0.073837996	0.16556343	0.022560062	0.02060075	0.065718696	0.016176859	0.006070065
metabat.513	0.16229586	0.15025094	0.06444823	0.16921052	0.07853701	0.05677286	0.24552675	0.21413419	0.10372227	0.12664698	0.15901913	0.1113355	0.1404684	0.067848265	0.1201995	0.07550077	0.024468428	0.10289621	0.094760865	0.15311338	0.108549625	0.056893166	0.12643214	0.17808257	0.15914318	0.047119714	0.12890816	0.0706468	0.14269643	0.23624386	0.05154137	0.1112809
metabat.404	0.00883971	0.0023690676	0.023678154	0.30237737	0.08140804	0.003994855	0.0043392763	0.19388151	0.05654593	0.001459576	0.014128076	0.007263181	0.013179247	0.016734539	0.9881184	0.0012195595	0.0026341125	0.0040464834	0.114018336	0.01644962	0.19141896	0.066159844	0.057137165	0.005314139	0.0194103	0.017372428	0.0022905422	0.002098326	0.0014997311	0.08198055	0.20951721	0.0030792095
metabat.538	0.14348868	0.0020113445	0.0095926635	0.33949932	0.061531994	0.007852526	0.02615458	0.030853452	0.08123971	0.0067072543	0.04832562	0.036909353	0.010055949	0.010176656	0.027211595	0.01005704	0.0033847236	0.042817216	0.017530246	0.048746787	0.021164013	0.010359022	0.11434671	0.09828975	0.06924241	0.0110831475	0.023087697	0.0038922948	0.015221412	0.044885233	0.014373581	0.56221575
metabat.298	0.004509154	0.056625526	0.0072715566	0.01082052	0.1282536	0.0037112348	0.04449299	1.1639785	0.15553395	0.009938643	0.08639841	0.55252165	0.01966629	0.40055758	0.2113307	0.016247584	0.053828575	0.0013519021	0.0116114635	0.015318262	3.969553	0.22296484	0.42496014	0.010429291	0.15418543	0.6307697	0.3843537	0.005745556	0.05236414	0.008873307	0.009201417	0.06545289
metabat.419	0.2944343	0.0011976075	0.0028241936	0.044851057	0.0031040371	0.009132885	0.0029810602	0.019114558	0.019449575	0.016503243	0.019295625	0.008835326	0.03272076	0.010912701	0.00891993	0.009315086	0.0029166874	0.0067531504	0.0015406118	0.021718346	0.0009221457	0.0031437175	0.014775846	0.019678678	0.0046436912	0.0051122783	0.6283088	0.010893719	0.022067003	0.003944371	0.025082199	0.041703247
metabat.302	0.009147779	0.04049483	0.01182485	0.06346868	0.020322468	0.0026961514	0.0052821715	0.00097612076	0.44244862	0.031612135	0.025887305	0.009711644	0.004541397	0.019618891	0.020109465	0.011314942	0.0028009156	0.0026539615	0.0026196812	0.0020931053	0.0018375627	0.0017462886	0.0045433016	0.063599505	0.0019741526	0.099065654	0.009563719	0.0054989182	0.05791219	0.0019127307	0.011505826	0.6700536
metabat.387	0.010331802	0.0056813154	0.016032174	0.11951278	0.10361692	0.0036921464	0.020427266	0.0025350791	0.04268166	0.007553244	0.040347837	0.021362847	0.100573085	0.015085591	0.0030979312	0.043263055	0.14846493	0.006026728	0.0047907787	0.004171049	0.12311169	0.025303654	0.04217411	0.012814851	0.009911126	0.20541063	0.0042497367	0.015462327	0.0048411475	0.00801598	0.054209866	0.06006959
metabat.23	0.0047392175	0.04766047	0.00027647338	0.00052945234	0.0025507235	0.00024075268	0.000996127	0.00054227025	0.012196608	0.0027221087	0.0009329713	0.0018523072	0.0005579667	0.0016120371	0.00048546446	0.004569581	0.0005080696	0.0009329214	0.0010608587	0.00082984037	0.0013657432	0.00046375502	0.0036990484	0.5104022	0.00088498875	0.0008427097	0.0035556625	0.007965147	0.014167458	0.00056659686	0.0031314495	0.0048509142
metabat.236	0.0028034206	0.0399086	0.00013079664	0.000121885554	0.00023889258	0.008696205	0.000447747	0.000112931266	0.7202271	0.0008184433	0.0004275698	0.0014062881	0.00024717284	0.00069691055	0.0011863881	0.02531568	0.0021359602	0.0007702254	0.0006168797	0.00028902368	0.00071612187	0.00007270348	0.046054166	0.3714989	0.00028803258	0.0031481292	0.0031576294	0.15173566	0.009399959	0.00042514186	0.04038405	0.16656186
metabat.566	0.0058503943	0.6413518	0.0002990258	0.0003223351	0.0004922188	0.00091193675	0.002225225	0.0005402574	0.017997326	0.0021430342	0.00073293253	0.0024969915	0.00033680873	0.0026317665	0.00037873062	0.029833676	0.0018191342	0.00041080182	0.0013202288	0.00059079815	0.020839566	0.00025202462	0.006178831	0.011666657	0.00058489776	0.000760297	0.19075984	0.087446615	0.013355801	0.00056160934	0.022936467	0.0036698717
metabat.198	0.1492798	0.008281185	0.009058323	0.22816257	0.012139883	0.00875603	0.017300533	0.014851883	0.005014148	0.0050976123	0.012772442	0.010514885	0.021858089	0.026272798	0.13798569	0.011563712	0.004673963	0.008391232	0.014022298	0.020710384	0.01637485	0.011658001	0.051134165	0.024189305	0.01114032	0.015708104	0.012698533	0.0070024184	0.0077012093	0.030411873	0.01884915	0.009195509
metabat.515	0.16924974	0.016302835	0.28391725	1.8280253	0.013842319	0.05868999	0.033104304	7.03831	0.05708174	0.053695716	0.049231272	0.06322705	0.02453888	0.12463018	0.23599304	0.036183234	0.04911047	0.13751669	1.6478353	0.08473016	2.0506954	0.4641222	0.45119837	0.10829452	0.37690032	0.36924618	0.019835662	0.011319106	0.06935603	4.5572677	0.07447706	0.037890706
metabat.248	0.03369633	0.0015891936	0.007911705	0.2595679	0.12561062	0.0032533198	0.019343417	0.026104636	0.0321695	0.0033322251	0.0155806495	0.030342098	0.010280209	0.00637514	0.019727591	0.0073522693	0.0029072827	0.026483223	0.014104291	0.02957382	0.014971958	0.009301348	0.012624533	0.03843713	0.050474413	0.006678713	0.014507695	0.003845094	0.0074881474	0.029308623	0.009266322	0.017707812
metabat.581	0.0053337873	0.0013390296	0.00325929	0.55677915	0.014812933	0.0015874847	0.01532329	0.017546574	0.0016713657	0.0034235606	0.39056844	0.004502928	0.08925863	0.0041336655	0.011227167	0.00094074325	0.0006475201	0.0060302094	0.0061330344	0.06411581	0.0046083173	0.0072079776	0.0061113006	0.0041009793	0.0064856727	0.002437064	0.0029240858	0.0013587547	0.001873516	0.014971279	0.0034859802	0.002864833
metabat.109	0.12540206	0.18531245	0.03377227	0.11139993	0.05684894	0.014115443	0.1283775	0.09579178	0.09333263	0.072043784	0.13047166	0.07048257	0.06968894	0.06478166	0.07026739	0.058015086	0.06403639	0.06208575	0.13068573	0.1007279	0.19773883	0.04717971	0.092105664	0.12397594	0.112254515	0.035648894	0.10135876	0.03652707	0.12999915	0.114590265	0.043008044	0.10238526
metabat.430	0.16906667	0.017443137	0.033948332	0.41507554	0.17137133	0.016274987	0.017078528	0.028838817	0.03994755	0.014751138	0.019215737	0.1107751	0.123532645	0.0134959165	1.6056008	0.034306027	0.03925235	0.013854572	0.54183936	0.23173757	0.0641099	0.09506381	0.024711635	0.032637168	0.010685239	0.058873106	0.010472164	0.011305333	0.008482947	0.030425701	0.05606939	0.008025324
metabat.557	0.09868521	0.006685809	0.014052238	0.11304095	0.023731044	0.012433871	0.06413412	0.10134023	0.109182425	0.017524922	0.055456538	0.1109278	0.026863486	0.020809382	0.059186332	0.02545587	0.010919806	0.09342058	0.06294715	0.120487526	0.057327792	0.02977098	0.04598337	0.13538691	0.2589865	0.027068097	0.050011214	0.010559019	0.023678968	0.16107644	0.04277278	0.056413326
metabat.454	0.022182317	0.0012306258	0.0022633201	0.054085646	0.021104285	0.0033602542	0.008631357	0.016193911	0.16329265	0.0048598717	0.010927596	0.015727622	0.004200521	0.0031858967	0.010130027	0.0035782692	0.0024124675	0.054556318	0.012213555	0.061236374	0.016145691	0.0066944095	0.015267836	0.021174451	0.039372396	0.0028446733	0.005961277	0.004212131	0.0067885923	0.025835205	0.8868361	0.021785643
metabat.187	2.1855881	0.055389225	0.029762048	0.351911	0.010661302	0.10250257	2.703615	0.015894582	0.04270889	2.1077013	0.30601588	1.5435456	0.59482026	0.013274569	0.12773034	0.2051693	0.14995481	0.15592507	0.09948376	1.0051638	0.008061662	0.013475253	0.041146323	0.89813787	0.03226792	0.10355576	0.56686807	0.06022612	0.38095388	0.31151384	0.022415426	1.5348765
metabat.329	0.00510114	0.0010467431	0.0035162922	0.47838032	0.005876307	0.004288758	0.012305966	0.02096633	0.033340834	0.0027481269	0.0048050084	0.0063718795	0.29435936	0.0026956147	0.009580967	0.021075232	0.05330302	0.03431904	0.0068037696	1.0016556	0.005565574	0.004904948	0.005429995	0.006445475	0.006770373	0.061623916	0.0029428697	0.006248358	0.039028406	0.014038883	0.0041317847	0.09238679
metabat.73	0.13773134	0.009243704	0.035940807	0.035900865	0.043486882	0.008415021	0.17826729	0.030963307	0.03721274	0.012749626	0.029571041	0.21930283	0.014851246	0.02071524	0.022655454	0.009996731	0.011645919	0.019172635	0.024993727	0.07494182	0.017209461	0.015016713	0.018549366	0.07025431	0.05206371	0.013540864	0.1479624	0.0049568936	0.022398693	0.09604384	0.006809475	0.0583496
metabat.169	0.0006026808	0.0005177342	0.00010336297	0.0011021433	0.0004061194	0.0003040971	0.00016489491	0.0005179169	0.000084084364	0.00051212887	0.0036294463	0.0005693144	0.00032204937	0.00012464708	0.0006572928	0.00021925278	0.0002567838	0.0033825755	0.0010612254	0.00063092913	0.0006318571	0.00029743984	0.00030600908	0.3661807	0.00027184281	0.00019233079	0.00093695486	0.0026557844	0.00019471375	0.0003222985	0.0013057357	0.00050047284
metabat.395	0.0034831536	0.00068086205	0.0045317244	0.15133943	0.023471618	0.007652162	0.0018116814	0.01880976	0.00095155556	0.0014503165	0.003114012	0.0046289037	0.005203047	0.0014046744	0.048942327	0.0023925125	0.0007515237	0.009258422	0.017671153	0.010722354	0.0016277233	0.0042498694	0.003958959	0.009160535	0.0047199824	0.0010494664	0.0018899157	0.005708939	0.0017480954	0.047374327	0.0020685114	0.0021832872
metabat.207	0.00092590775	0.0009773576	0.00092162803	0.0003491427	0.0005167514	0.00049746304	0.0005386342	0.0008362959	0.0032379255	0.0013747944	0.20420024	0.00023018377	0.002783107	0.07679574	0.008691719	0.004819796	0.015237033	0.00014104701	0.046682585	0.00037473187	0.039862078	0.00027068792	0.1089631	0.00056411896	0.00023624985	0.040277924	0.004622315	0.000062631065	0.020284146	0.0008190048	0.0006793051	0.0047198324
metabat.45	0.009303986	0.005362847	0.020101909	0.0011662336	0.00072140887	0.07157512	0.00033215943	0.042109612	1.7858319	0.0066579506	0.0012865565	0.0148402	0.00073363865	0.0015798669	0.002487861	0.06729829	0.0044383607	0.025938762	0.00027154092	0.0056510926	0.0006394602	0.00091661175	0.029726295	0.011286523	0.0023032655	0.0051706075	0.0059114737	0.037305977	0.02933879	0.0003846621	0.012689875	0.023516852
metabat.268	0.09505773	0.010933074	0.04299365	0.86096627	0.16956756	0.03216735	0.17514701	0.29043192	0.19005123	0.023097105	0.08324987	0.15323439	0.022208989	0.02316593	0.106594026	0.03672768	0.015114634	0.21543315	0.092494585	0.12010963	0.1204505	0.07010891	0.11216205	0.17194247	0.43232787	0.049303833	0.068442814	0.01033812	0.045047905	0.27374724	0.112238295	0.08414027
metabat.484	0.020346379	0.0031694479	0.013191843	0.055508494	0.13078302	0.00256563	0.0025116412	0.036191616	0.0076966216	0.0007123793	0.0017190317	0.008176628	0.02389283	0.0051765717	0.1670467	0.0011712874	0.0041341777	0.0057097482	0.23003161	0.019620147	0.06438329	0.16067974	0.025719615	0.008358861	0.007935209	0.016154248	0.0014711233	0.0010731356	0.005561505	0.05211975	0.020704402	0.0018951261
metabat.58	0.0031906953	0.011953951	0.016160812	0.18086408	0.0020514745	0.0014605193	0.022308525	0.016387543	0.005321639	0.0004193275	0.0030755152	0.005432924	0.0020296287	0.0015481901	0.11996498	0.0018006326	0.0024848462	0.0066702953	0.13676453	0.021538148	0.0034237918	0.0015729304	0.09132754	0.012259039	0.0026993004	0.0042974087	0.003239352	0.0006833987	0.001463241	0.08695023	0.0008003145	0.002913141
metabat.537	0.0056565925	0.0022912344	0.008157917	0.13929708	0.10181376	0.0051453705	0.0015398299	0.059733674	0.0018262914	0.0022176814	0.0019392642	0.0045011593	0.0047836774	0.0060233045	0.06324965	0.0029595685	0.0014965894	0.0075885453	0.073459305	0.025223032	0.022960778	0.05105912	0.029599058	0.004644365	0.0056682136	0.009264565	0.0015182713	0.004815747	0.0026862342	0.04113816	0.012211995	0.0029001134
metabat.284	0.01262541	0.0066702794	0.037445724	0.0033491703	0.0056975023	1.7132145	0.0004597853	0.00036826215	0.023691986	0.044841442	0.0042979424	0.011564789	0.0007143602	0.0033422674	0.002027221	0.10014648	0.003630318	0.057851914	0.00021931002	0.011630872	0.0008706642	0.005131013	0.0028385478	0.0034545092	0.00091026735	0.002980352	0.017073564	0.06850778	0.039687306	0.0017882169	0.02812111	0.3301745
metabat.442	0.06488432	0.005525416	0.033410825	0.013945846	0.00088857615	0.0041112606	0.0058738324	0.0010177911	0.0026126618	0.0012930031	0.0014460034	0.06115025	0.022951197	0.008450846	0.071089186	0.006220775	0.01628292	0.009147613	0.03340286	0.047328483	0.009753538	0.002031036	0.049185213	0.04605041	0.0060721613	0.014965973	0.011850637	0.00086607557	0.04340136	0.0022810719	0.01814819	0.00638151
metabat.89	0.18252762	0.010286687	0.0020751904	0.00446919	0.00086581963	0.014025088	0.010092301	0.0075562126	0.012976783	3.133184	0.07169326	0.004124374	0.0041620913	0.5656493	0.0023018692	0.037016205	0.17284918	0.0024299517	0.0020333352	0.0031063033	0.0029277701	0.005704079	0.0032159886	0.35455436	0.0056393845	0.38982263	0.19538587	0.013979952	0.8404582	0.0051943045	0.015494381	0.7275678
metabat.578	0.052924894	0.027113635	0.03728413	0.47516602	0.25047538	0.043574445	0.054037113	0.4035248	0.020300375	0.017799351	0.21363342	0.19187695	0.04648465	0.06719716	0.109731466	0.028675666	0.016553931	0.25066248	0.20263518	0.28227666	0.21359915	0.25660983	0.223966	0.03944865	1.5189098	0.058322605	0.014270737	0.008824257	0.0126654385	1.1899168	0.5627018	0.026024217
metabat.35	0.045430377	0.001136601	0.0046491637	0.062322907	0.013162537	0.003813891	0.013927079	0.061725836	0.7693501	0.0037966503	0.012156827	0.021438848	0.005089397	0.005189613	0.0132180555	0.004864459	0.0035368763	0.019476192	0.0084769325	0.024652401	0.009938696	0.0048880223	0.013384534	0.04292511	0.028005278	0.0061492263	0.01442527	0.0019621917	0.013637538	0.019896183	0.014163617	0.03288846
metabat.476	0.14405409	0.018279264	0.021164477	1.3189132	0.0065446966	0.037935074	0.06467854	0.23206012	0.020378275	0.023606148	0.045619536	0.08257922	0.10112874	0.07126518	0.61422205	0.0064223637	0.011292039	0.1097777	0.38081637	0.47118887	0.052701876	0.17489323	0.07432252	0.041430354	0.030723711	0.07257248	0.018198386	0.0063757985	0.016388875	0.32218078	0.0064817593	0.013714489
metabat.173	0.05051717	0.006653254	0.043124016	0.11374119	0.82794607	0.007023729	0.007033319	0.051301677	0.009392924	0.0008904385	0.0044552553	0.052483913	0.0524649	0.052899834	0.3665014	0.0021907242	0.028468216	0.018156175	0.45595258	0.05663625	0.5576076	0.84198886	0.0961279	0.019346837	0.06319735	0.08656737	0.0053101378	0.0069235642	0.010937501	0.0250573	0.10611897	0.0047658007
metabat.76	0.023578042	0.0022688094	0.008451319	0.04403945	0.032545246	0.0026288081	0.002204362	0.009995161	0.0021399898	0.00062550924	0.0006883204	0.0150486035	0.022981254	0.0049289283	0.24740379	0.0007552058	0.0034763617	0.006436138	0.13099949	0.042550154	0.03350933	0.09954345	0.02310791	0.008461466	0.0042932583	0.013550047	0.0017150929	0.0008381705	0.004093918	0.0127260275	0.015747838	0.0013744328
metabat.222	0.09064885	0.027633913	0.39842945	1.1205665	1.1726153	0.0592216	0.06176943	1.0873115	0.027334461	0.04199352	0.44369334	0.24610732	0.08589869	0.2626066	0.45253444	0.018482182	0.03104377	0.35430333	0.328611	0.24548846	0.98643035	0.10857043	0.36111823	0.034757897	1.213548	0.096794955	0.01199744	0.016959915	0.013800403	1.3959974	0.035991814	0.020731222
metabat.214	0.070525266	0.013981939	0.13221502	0.08587066	0.27236438	0.012172252	0.011547677	0.07522975	0.021742512	0.0010762522	0.0044939867	0.05707155	0.049602933	0.06864531	0.7929096	0.002717513	0.027609369	0.019808626	0.7016148	0.06772819	0.55187947	1.246635	0.20893352	0.019915318	0.03901103	0.15820132	0.008616665	0.0034081158	0.011862048	0.04514239	0.16012315	0.005201158
metabat.94	0.31115347	0.0056854985	0.026969558	0.9794665	0.035231728	0.031110756	0.09383135	0.13657121	0.09700557	0.034676015	0.040057685	0.11762362	0.037944943	0.048538316	0.18374723	0.02484313	0.015597657	0.14494556	0.09174995	0.1446293	0.07230259	0.04222901	0.056386348	0.15494151	0.20117246	0.02312748	0.05694606	0.010300975	0.03706878	0.17063116	0.02556566	0.117078185
metabat.161	0.007408498	0.004431028	0.003279687	0.008011042	0.0019603847	0.0030701256	0.006172015	0.0066668224	0.006355583	0.0019513047	0.0040093763	0.008582416	0.008439883	0.0021696615	0.06834021	0.0021474105	0.0017466563	0.010373753	0.041701738	0.012060934	0.010392701	0.013988035	0.06555158	0.007768565	0.013144737	0.0063490616	0.0026729135	0.0006579382	0.00253154	0.056283783	0.004405413	0.0034543439
metabat.113	0.008892062	0.00073614257	0.0026326664	0.017691618	0.0038325242	0.006631758	0.003418528	0.0044313082	0.001556101	0.005413162	0.0024149644	0.014172715	0.0048060073	0.00065699813	0.051307824	0.0026547762	0.0026503887	0.012503435	0.1491292	0.009915638	0.006461791	0.0022972638	0.006839442	0.009607016	0.0016182817	0.00439717	0.0015370504	0.002583949	0.0031963587	0.024197118	0.0015391052	0.0031869232
metabat.281	0.039141078	0.005432272	0.09660605	0.021571752	0.030658297	0.002431146	0.021859229	0.16730517	0.011619835	0.02108904	0.07441684	0.05768481	0.1152589	0.12166278	0.09028765	0.0022358692	0.008731485	0.004468459	0.008170164	0.06249275	0.117264256	0.019845314	0.0109298155	0.012665072	0.021514945	0.057703745	0.030824676	0.015074489	0.011211942	0.023388483	0.0097395005	0.010949466
metabat.282	0.010875411	0.0008414255	0.018679626	0.008399984	0.012909223	0.0054312577	0.0051547647	0.14319114	0.02083605	0.0018116443	0.0047279843	0.006550371	0.005624083	0.013426782	0.003989937	0.0028797933	0.0009880462	0.005549234	0.036065046	0.009523098	0.0038968616	0.046933405	0.015233053	0.077802114	0.009391685	0.0070244516	0.005284697	0.0016429598	0.0035143269	0.037057746	0.013700803	0.0052958946
metabat.392	0.119918466	0.23408979	0.0517837	0.3337553	0.08870197	0.0968971	0.123076804	0.41888487	0.10356381	0.07817262	0.1220059	0.1726457	0.058449753	0.15162294	0.7056875	0.09681292	0.038987614	0.1424912	1.0190583	0.25035587	0.42546973	0.3529314	0.3130517	0.11320802	0.43786737	0.13034381	0.0845712	0.07053337	0.15878484	3.1710458	0.061269946	0.105910145
metabat.402	0.02052773	0.0041571553	0.010449211	0.011157502	0.0050162766	0.06995869	0.0012545055	0.0050419285	0.0031892858	0.0043342775	0.003475712	0.0037707288	0.03452524	0.00048283517	0.15491813	0.00561482	0.004871896	0.003767894	0.19812395	0.1311971	0.0014802684	0.002621914	0.0020121129	0.012649379	0.001884008	0.0016561558	0.004575904	0.004753475	0.0075907093	0.005357701	0.0017979314	0.0064775036
metabat.235	0.0006683438	0.009668584	0.00010460974	0.00019121892	0.017563181	0.000043832646	0.00087995094	0.000097008095	0.082246706	0.0014628726	0.0007628726	0.00016938629	0.00021633717	0.00023771115	0.00090941635	0.0021125253	0.00022625976	0.00011482434	0.00014767841	0.00038048744	0.00014958422	0.000063660234	0.0006338214	0.00072925654	0.00082008337	0.0022108934	0.00048075727	0.0014340437	0.0022124606	0.00094810175	0.0006816205	0.4565955
metabat.144	0.05004089	0.021531614	0.10375172	0.04401673	0.15919429	0.036226694	0.04976459	0.22273691	0.027181678	0.019356634	0.10105474	0.08840317	0.038610782	0.045655955	0.23299488	0.010540498	0.011920757	0.14366238	0.16587172	0.2133729	0.1157011	0.1893137	0.1820548	0.02811959	0.50105876	0.06160702	0.0168824	0.006494775	0.010376214	0.7102831	0.033292186	0.021659724
metabat.183	0.0037005893	0.00044604615	0.0051869648	0.5304664	0.03639467	0.0006239627	0.00073596445	0.016134657	0.0030326303	0.0001905799	0.0005477375	0.0030755508	0.002463473	0.0031809718	0.026088893	0.00030988763	0.00080318516	0.0058152894	0.028544776	0.03210001	0.018664999	0.038200427	0.0055617774	0.0014615443	0.0035189854	0.004208337	0.0003022125	0.0010005179	0.0010944676	0.0040414687	0.0074156797	0.0010216568
metabat.290	0.12116194	0.010072184	0.020698965	0.2500849	0.04818277	0.030834038	0.10898982	0.1278742	0.12019616	0.016691782	0.06808937	0.11987907	0.040090926	0.024836995	0.085084096	0.038409427	0.0122646475	0.12465603	0.10094442	0.15386105	0.06867472	0.1072787	0.07366559	0.14653933	0.18559428	0.02797218	0.066311546	0.021058697	0.03633635	0.18168595	0.027760105	0.06735277
metabat.306	0.022856565	0.02005916	0.101447634	0.14110996	0.0032445805	0.0020234	0.0280998	0.014496128	0.063729644	9.6247015	0.1289327	0.015919244	0.27471533	0.15424232	0.012699812	0.009120177	0.007149841	0.0012568678	0.002322615	0.004515114	0.005669859	0.0028712093	0.10847831	0.038548507	0.0011805125	0.013090778	0.08569136	0.007613121	0.07241574	0.003310984	0.03530778	0.0821573
metabat.491	0.017970629	0.0062251575	0.02774726	0.088246286	0.037589557	0.0067666494	0.008781344	0.25085357	0.011875433	0.0024346064	0.0048898403	0.024693752	0.018867018	0.014293532	0.49014118	0.0049451957	0.0058028307	0.006759073	1.0381563	0.017719049	0.0928957	0.64654505	0.07383497	0.008115699	0.026633492	0.025501695	0.003443763	0.002680683	0.0063248146	0.30589542	0.0177942	0.003297227
metabat.575	0.003870975	0.007150784	0.04955804	0.0676261	0.08969684	0.0013408492	0.03801345	0.0012596162	0.026958806	0.019796956	0.061963104	0.18668617	0.02405006	0.17056474	0.010102911	0.0021996591	0.15701258	0.019303959	0.00700551	0.011325577	0.21038432	0.0030063675	0.053209983	0.00904461	0.047892075	0.12651138	0.0027571132	0.011987314	0.0022151459	0.03499065	0.01440407	0.016050804
metabat.315	0.03712136	0.0036193563	0.0055539645	0.07879962	0.032066736	0.0054497547	0.033397034	0.042068947	0.06475077	0.0045981524	0.022691436	0.037954744	0.008077246	0.0059143268	0.019589638	0.009173419	0.0036000817	0.04496516	0.02114481	0.061377864	0.027119191	0.012499861	0.06494269	0.85515803	0.076397814	0.006654471	0.018233482	0.008398505	0.013969498	0.04828182	0.015093692	0.060361426
metabat.234	0.014860186	0.023334432	0.10675277	0.0381524	0.02043692	0.0022682054	0.07077871	0.03882074	0.011314149	0.016755236	0.13714167	0.020427424	0.07289459	0.012257672	0.012762863	0.004977769	0.007694704	0.0044273413	0.0039514564	0.020910924	0.057279136	0.0037826844	0.017363831	0.015559131	0.011044016	0.00545313	0.009947818	0.0047828946	0.025669133	0.363889	0.0147777805	0.0042956164
metabat.559	0.016722266	0.039105754	0.00913651	0.0055864975	0.29415813	0.0013513842	0.07573965	0.03624459	0.007626561	0.0065540867	0.16738111	0.022698758	0.089837946	0.02106777	0.021812426	0.0035105483	0.021146962	0.0015504106	0.0057584113	0.0313747	0.09751873	0.0046876436	0.023439467	0.0097355805	0.008554435	0.011628683	0.01138478	0.013167124	0.0071198693	0.012311913	0.009110449	0.0030310336
metabat.256	0.018146316	0.0018939539	0.0020952018	0.0044591436	0.00073396874	0.004522641	0.0063325274	0.006298403	0.002441264	0.025320876	0.030114356	0.007968047	0.01051929	0.0010483704	0.0015627175	0.0042191534	0.00025628036	0.0041979477	0.0014997411	0.006513284	0.0013179131	0.0005335671	0.0014890103	0.99488497	0.00048081696	0.0005008523	0.015094631	0.009058699	0.007741448	0.0007948496	0.0059791985	0.021711262
metabat.208	0.0012001668	0.0024543134	0.0015543955	0.0031078605	0.0013227372	0.00032543845	0.008735851	0.0027587947	0.008721693	0.44229302	0.0067399777	0.0024937096	0.0029085418	0.002866188	0.0020212438	0.0026304408	0.0006819776	0.00043035543	0.0014352214	0.0042408733	0.002600987	0.0008968033	0.004831379	0.0062422105	0.00844749	0.0013480132	0.0024905377	0.00058714824	0.021022242	0.0038403973	0.0036405101	0.0032491358
metabat.512	0.0069463053	0.0010372384	0.0026747265	0.08365332	0.094268605	0.0033653271	0.0011496521	0.008196328	0.0013024013	0.004304851	0.0014043358	0.0063746367	0.0031567465	0.0015949614	0.07170354	0.0018188983	0.0017579023	0.004369115	0.085491605	0.012551064	0.0018883331	0.0096779335	0.0051923688	0.005378222	0.003159964	0.0055785654	0.001044633	0.0019821841	0.002247389	0.029397504	0.0010314255	0.0013576559
metabat.523	0.04689749	0.004709867	0.0041667838	0.043243844	0.1654061	0.0024563924	0.009724009	0.0028142368	0.004118088	0.0064454754	0.0012717504	0.027044645	0.07897673	0.03840151	0.20200516	0.0013399806	0.0070508276	0.035016056	0.13784714	0.0556473	0.062470835	0.12201256	0.1290623	0.0045561916	0.015704665	0.1487853	0.010639842	0.002837197	0.004348235	0.0045861746	0.068527676	0.0014247239
metabat.300	0.054849673	0.0031527563	0.019223956	0.04827738	0.41480815	0.004289378	0.008514788	0.014570066	0.004211161	0.002669309	0.0029108967	0.021161938	0.06786197	0.002632243	0.16037966	0.0028932402	0.009380551	0.008498115	0.12060719	0.07945342	0.029333757	0.09981223	0.029546311	0.008326871	0.0050905608	0.032782894	0.006929382	0.004554244	0.0055028982	0.011700011	0.0070770714	0.0016178938
metabat.438	0.020226417	0.0031456985	0.018331105	0.004268327	0.0012262011	0.029561346	0.0026217345	0.0072306497	2.952167	0.0060502496	0.0067844484	0.006833125	0.0070765344	0.0033904763	0.0052839033	0.023458505	0.009131474	0.017709715	0.0015070486	0.0067563104	0.002830013	0.0019686052	1.0140682	0.007825598	0.0029572828	0.013085983	0.015306245	0.030312033	0.020262202	0.0034517455	0.013328958	0.015584534
metabat.51	0.037841517	0.009489529	0.017005466	1.0748016	0.0351056	0.01831945	0.023313215	0.37379488	0.009713654	0.010817516	0.40288496	0.10958935	0.026573673	0.033122562	0.12868334	0.005858781	0.0061087287	0.024522344	0.16588955	0.0954785	0.04933555	0.106342226	0.047183286	0.019592095	0.18249258	0.010712001	0.006722	0.0015882053	0.0064202086	0.45355535	0.024650179	0.0070325513
metabat.338	0.04442698	0.0058190376	0.019902367	0.11544553	0.9142834	0.0038321225	0.009916388	0.007283027	0.0025903503	0.0149649875	0.0029887832	0.022182154	0.14359151	0.033445068	0.21800028	0.00086307176	0.0073798336	0.025349736	0.13210875	0.081687644	0.12672131	0.47540802	0.15220168	0.012317088	0.013242387	0.13792272	0.011102051	0.0091294125	0.0034514712	0.02911272	0.06420461	0.0027930525
metabat.554	0.0046473807	0.008273855	0.0171518	0.05010335	0.13099808	0.0012549742	0.007181593	0.0020334462	0.04241119	0.017301878	0.06841485	0.12525336	0.07120513	0.06355638	0.008236454	0.0013922527	0.20054206	0.012360027	0.011055142	0.006693422	0.23360778	0.024481144	0.055569496	0.003772838	0.020461844	0.14549191	0.001808985	0.0101346355	0.0027188067	0.0113589745	0.019713981	0.027817458
metabat.564	1.1867794	0.009887666	0.09243567	0.62451893	0.048183717	0.12451095	0.11984316	0.2570902	0.19758935	0.0963957	0.11157045	0.22157958	0.056521077	0.08528034	0.28851163	0.07498018	0.016011486	0.34483173	0.19321114	0.36226648	0.15461007	0.08771436	0.15398684	0.9173677	0.3867618	0.06375916	0.30799064	0.0139483595	0.043541513	0.44802353	0.040654443	0.32943928
metabat.365	0.02678433	0.026600981	0.17399111	0.0167365	0.010677603	0.027627736	0.09996844	0.038166206	0.045833834	0.02178439	0.2948575	0.051580276	0.5683709	0.018951036	0.10710271	0.008890027	0.01726845	0.016744917	0.22303645	0.09769937	0.07435587	0.007052671	0.09435267	0.025713539	0.10081126	0.027277831	0.02495493	0.024830386	0.009685697	0.07215099	0.16660441	0.03348869
metabat.458	0.0072087706	0.0040499987	0.0051265964	0.0043408833	0.15683727	0.001285236	0.012710936	0.004677822	0.012001997	0.017125772	0.018125765	0.0119336825	0.008657319	0.0050908225	0.0034712597	0.01799672	0.014748114	0.0040715635	0.003966148	0.0053377547	0.44091687	0.0020307745	0.0059165373	0.0085544465	0.0077234744	0.013399755	0.0048643947	0.0039082384	0.0037266752	0.0061304914	0.005499577	0.0042277267
metabat.505	0.025567634	0.0016065047	0.003050188	0.046703428	0.023334019	0.0068484573	0.016773827	0.030725332	0.034977484	0.003323293	0.012582963	0.019291632	0.007949943	0.007397626	0.012693899	0.004919509	0.005530416	0.025058426	0.014879797	0.047930636	0.018275335	0.008104277	0.8827567	0.02768445	0.045657948	0.021301927	0.010190968	0.0020804189	0.008961826	0.03282959	0.0074975486	0.026231686
metabat.352	0.30003718	0.022568582	0.02883701	0.0037403966	0.0036726517	0.0007464987	0.21242449	0.11571905	0.018508283	0.0040284414	0.0138556445	0.0883702	0.043439567	0.01412294	0.0038788144	0.01269429	0.0042301584	0.0012898322	0.13851677	0.0070054117	0.031133473	0.002072512	0.035901975	0.003698832	0.011260645	0.038387813	0.08600964	0.023030613	0.01769161	0.0062144105	0.011334954	0.011773879
metabat.151	0.019442314	0.009318914	0.0024413504	0.13520871	0.0058787777	0.008492565	0.02701065	0.014130041	0.0064390185	0.00699545	0.004911016	0.024662443	0.016759716	0.0039089033	0.31344533	0.0034906832	0.004999002	0.023168283	0.22546238	0.05055938	0.011226803	0.009542519	0.054337706	0.015015588	0.028403126	0.011261361	0.00532353	0.0021804478	0.0032398985	0.25768644	0.00787297	0.0066756397
metabat.264	0.042958993	0.027199993	0.027602991	0.4590372	0.020849613	0.015291939	0.064877644	0.047536977	0.020969206	0.0148246465	0.03876377	0.058533587	0.061158583	0.016546452	0.12619466	0.016531006	0.0064666914	0.02377427	0.11403783	0.110168785	0.031700373	0.01737876	0.03241049	0.048784997	0.052326	0.013293463	0.024494324	0.010005213	0.025465718	0.09987366	0.009746084	0.022881452
metabat.322	0.054294135	0.008099322	0.027250601	0.10500498	0.07534268	0.02440291	0.2916054	0.4549573	0.02044258	0.0118606035	0.2016071	0.1847467	0.04468356	0.091708586	0.38046092	0.02152844	0.015038476	0.10489171	0.29999632	0.04604258	0.6942843	0.53197366	0.21835554	0.083208315	1.8576132	0.0687904	0.014987743	0.0040349416	0.012762367	1.3291728	0.01706983	0.020435845
metabat.574	0.019587526	0.652732	2.6915076	0.010374269	0.012628923	0.0073660016	0.97634894	0.154166	0.017412657	0.11339823	1.1799071	0.32624197	0.05547315	0.76271623	0.0030870265	0.08622614	0.10943829	0.17087707	0.09572382	0.08728414	0.2402344	0.005797806	0.9531176	0.034758486	0.9237531	0.15505376	3.705347	0.30726305	0.015414066	0.19963929	0.17137453	0.14983314
metabat.432	0.03753145	0.0046280157	0.012310149	0.0010936834	0.008560712	0.002609509	0.0026508188	0.017216697	0.001623399	0.0040784813	0.0015725348	0.05979795	0.037689146	0.0032333918	0.013505416	0.000983581	0.0056667584	0.027684245	0.22198221	0.070825465	0.009760577	0.00074998	0.012524056	0.0059463833	0.003436753	0.02549105	0.0032146275	0.0011062267	0.0025926374	0.010163009	0.0024670542	0.0009915248
metabat.361.filtered	0.3006404	0.8648687	0.00027207375	0.0003937999	0.00022135263	0.0042449185	0.0030949686	0.0008743542	0.6522643	0.30879098	0.0019079045	0.002753535	0.0047349534	0.018895255	0.0011077565	0.19598548	0.011577262	0.00030114024	0.0017137239	0.00037007916	0.004373579	0.0028520087	0.06077726	0.0056750774	0.001967509	0.029924456	0.38895848	0.0007717793	1.2459545	0.0007880419	0.0016288793	0.002742725
metabat.289	0.01979656	0.0025717309	0.011025136	0.03417439	0.103321604	0.0020183688	0.014489352	0.032456785	0.0057787653	0.013758897	0.01451312	0.033201303	0.042192373	0.01955389	0.01868922	0.0021509097	0.0052929386	0.008750713	0.009995965	0.011122728	0.08349601	0.0150325345	0.012125374	0.007669252	0.013854083	0.010710932	0.0084550725	0.0030335926	0.08068422	0.022327572	0.013908741	0.35077384
metabat.259	0.017091343	0.034858108	0.5264105	0.024278536	0.008025261	0.0155909145	0.04193169	0.4845726	0.0028339333	0.00924702	1.211843	0.030735279	0.07730926	0.11226302	0.050913665	0.025790818	0.01752958	0.01123229	0.26900998	0.07528094	0.37426165	0.018410577	4.01795	0.01706749	2.7452629	0.07239252	0.031515963	0.0033593648	0.01700572	0.2998374	0.010683076	0.015898455
metabat.492	0.024991138	0.0073899175	0.0063650026	0.005377044	0.008219521	0.0011214811	0.05537501	0.014220967	0.009781225	0.61115944	0.028306264	0.029608527	0.11462053	0.014524921	0.008344952	0.0024732656	0.0042278306	0.0010408886	0.005030853	0.03043649	0.019558411	0.005972742	0.015021009	0.07547072	0.007593155	0.006590316	0.01934497	0.006442773	0.060459394	0.0078874035	0.0104793105	0.02227345
metabat.326	2.0007243	0.017451007	0.091512345	0.40424538	0.4378964	0.09888391	0.084254526	0.3742658	0.49500048	0.52834815	1.1030983	0.8453869	0.093147084	0.20333323	0.1449473	0.027297359	0.021778	0.48931122	0.15932848	0.5632768	0.19218	0.20278493	0.13846368	0.35265544	0.58241975	0.119642675	0.27579656	0.012697607	0.06930437	0.8209782	0.029485142	0.22970642
metabat.178	0.012377967	0.004163638	0.010030414	0.07124069	0.008531048	0.008324416	0.014813391	0.088445336	0.007760622	0.0043029226	0.07300933	0.028052155	0.00878849	0.009431614	0.046518918	0.0025371523	0.0030232314	0.017962346	0.030062595	0.020039197	0.015809113	0.026914548	0.025232553	0.021411385	0.026144339	0.010040414	0.0054202294	0.0016083812	0.0052331984	0.14425936	0.020971408	0.00448703
metabat.424	0.027040612	0.015572678	0.09545667	0.008531815	0.0074615534	0.18940622	0.007253756	0.0053513246	0.011718926	0.014791639	0.012919616	0.030335903	0.35698923	0.006981315	0.007461149	0.18468171	0.0042071603	0.11097788	0.0064482507	0.03173316	0.006494065	0.005951472	0.007349342	1.654324	0.007142086	0.020403525	0.018280335	0.19728509	0.08781659	0.2494476	0.06297349	0.09662297
metabat.399	0.031903163	0.0060322606	0.0074654166	0.24194142	0.009652489	0.011038539	0.00556211	0.034885608	0.0039845873	0.006214527	0.0039646034	0.00975816	0.017267082	0.00402375	0.630348	0.005380238	0.0066221785	0.027138608	0.30790818	0.070118636	0.011987303	0.06418524	0.047186937	0.014963365	0.0076617305	0.03686188	0.0042839115	0.0043359124	0.0073227603	0.15407723	0.00858797	0.0071883425
metabat.152	0.080659226	0.09112529	0.055123005	0.29315823	0.07520052	0.026251758	0.05272117	0.38275164	0.045055512	0.04847903	0.08120811	0.05630338	0.03178036	0.06392823	0.14943573	0.020494882	0.01275095	0.07635546	0.13167293	0.07535156	0.119969	0.112862706	0.1465915	0.064935215	0.2802114	0.05217833	0.041556697	0.01363055	0.0814905	0.4136305	0.08982218	0.056447394
metabat.275	0.0028860706	1.1417115	0.00060588587	0.0004538694	0.00048683415	0.00017899631	0.005227334	0.0006149172	0.008374525	0.008014403	0.0040419498	0.000857539	0.0010305035	0.004489058	0.00052719057	0.0015358707	0.0006331248	0.00043752842	0.0024132533	0.0020066719	0.0036017823	0.00048985064	0.00369345	0.0060680923	0.0008030384	0.0026867583	0.0053950683	0.001306983	0.0040786876	0.00067282614	0.0042585703	0.0129269855
metabat.579	0.14220385	0.005767977	0.0045838724	0.00046122778	0.0038396306	0.024686174	0.004031557	0.00399834	0.0065571484	0.734202	3.3755236	0.0017169304	0.001458742	0.0060099503	0.0007249672	0.0183985	0.01667548	0.0004393451	0.0028357522	0.0019113631	0.0015283076	0.0017661046	0.0019224968	0.16460365	0.0012776841	0.03849902	0.29330066	0.0023142106	0.020718517	0.0009181246	0.015056044	0.31858864
metabat.519	0.03987693	0.0050653145	0.023630396	0.100537635	0.8827666	0.0064060497	0.008348973	0.022447376	0.009026516	0.0026354317	0.0037388327	0.027552702	0.028944751	0.011179013	0.50315577	0.0013042233	0.010526722	0.01471645	0.357538	0.06995961	0.060395703	0.41827032	0.07641756	0.009955366	0.015896672	0.032995515	0.00273558	0.0071943225	0.0053224284	0.014290984	0.028943613	0.0024488263
metabat.100.filtered	0.0038508412	0.0044175205	0.009888	0.03521167	0.22312263	0.005722047	0.00081592967	0.06310172	0.077504784	0.0016773305	0.0049499795	0.01167099	0.010563656	0.005986993	0.3287606	0.0012048541	0.0029270896	0.002227678	0.9070608	0.0026885238	0.31272283	1.102362	0.013850048	0.0155422725	0.008229601	0.015433533	0.00081690616	0.0068103503	0.0069316556	0.045424093	0.1103574	0.005586786
metabat.181	0.046298727	0.0010481935	0.0068839765	0.0102758305	0.30197817	0.011131757	0.0039835665	0.0017942669	0.00070382206	0.00076125807	0.0013184983	0.014795225	0.0018069525	0.0070391176	0.011381612	0.0006321667	0.0076385806	0.004280503	0.12724158	0.011609359	0.17411083	0.00929809	0.017853219	0.027429013	0.015925279	0.048565824	0.0030551436	0.0030238912	0.0016931822	0.02868528	0.00083864207	0.0015678479
metabat.192	0.0010560589	0.0024161336	0.11875579	0.0010179674	0.0012943546	0.0029620053	0.0007112369	0.0007278068	0.0005168821	0.0053464174	0.0008375604	0.00056692486	0.0022466579	0.123503566	0.0022104115	0.0038245355	0.0064981445	0.0010518103	0.0014029691	0.0010264615	0.059432987	0.00049128616	0.073220894	0.0022086632	0.0010835258	0.1161836	0.0009724611	0.0019899812	0.0025761963	0.0009331426	0.012623773	0.0007332127
metabat.291	0.00576573	0.0030997908	0.025575474	0.0072835516	0.014061568	0.05334116	0.00028091168	0.00022211952	0.02698077	0.016013216	0.0010532583	0.005386734	0.00032079758	0.0011448669	0.0010264141	0.044739496	0.00065517955	0.028361455	0.00031831086	0.0071936096	0.0004097695	0.000774189	0.00036554344	0.0016567208	0.00081053254	0.0027653913	0.0043413327	0.044780854	0.02038887	0.00081996823	0.026376767	0.48265848
metabat.55	0.017335452	0.0021418899	0.002512575	0.06032738	0.007827746	0.004991003	0.011280115	0.013637088	0.017955473	0.030125711	0.01074091	0.020234779	0.004960146	0.0036499414	0.0076432144	0.004144233	0.0039571454	0.018348718	0.27714464	0.023828303	0.025273006	0.004676344	0.008331056	0.031910725	0.028803563	0.011226539	0.008649497	0.0026052375	0.005543432	0.035135314	0.0054427446	0.01890124
metabat.516	0.006653299	0.0025081073	0.00024603505	0.0010167795	0.0007065429	0.00010757468	0.0013985023	0.0014613494	0.00070646475	0.0004568672	0.00080697576	0.00052170944	3.866261	0.0006225539	0.0009254768	0.00033071957	0.0003054813	0.00027929564	0.0008962385	0.0008822925	0.0017977989	0.0066723907	0.0060084616	0.00083295617	0.004440356	0.012584025	0.0009504267	0.0003451478	0.005122003	0.0009702133	0.0007627165	0.0012421458
metabat.542	0.023174679	0.0020866848	0.0005731009	0.0026906757	0.00053090294	0.0011221855	0.0029025825	0.0011287278	0.0019663167	0.0013377212	0.0009589097	0.018278955	0.00056774693	0.002530933	0.0813093	0.0022373549	0.007001891	0.0036996133	0.024263818	0.076354556	0.0045506447	0.00096886436	0.009883822	0.02588894	0.0026841466	0.008880432	0.0059490167	0.0008792746	0.010186778	0.0011054061	0.00068326964	0.002826778
metabat.474	0.005258754	0.0027302862	0.003044578	0.14609204	0.071121044	0.01281594	0.0056586657	0.1380731	0.0037082243	0.0070018424	0.0042213043	0.022475954	0.0062864264	0.0023472619	0.30548126	0.006391194	0.007188954	0.013221271	0.17464313	0.11460477	0.026896972	0.016644297	0.014185637	0.011692238	0.13102941	0.006825391	0.002078147	0.0023514065	0.006981982	0.24116641	0.006705081	0.0076404284
metabat.390	0.04233478	0.0017412166	0.0061656665	0.1287598	0.0017933886	0.017368296	0.0045074746	0.099620044	0.004238067	0.014872096	0.0015836834	0.0041906177	0.082913905	0.005289581	0.015669443	0.0032159819	0.002279046	0.011280606	0.024475742	0.042612106	0.011889914	0.017352216	0.018315557	0.0058013834	0.049255073	0.007157477	0.004590821	0.0012137754	0.002339872	0.11006999	0.0013098494	0.0018044476
metabat.389	0.01320851	0.004904019	0.007517088	0.02722287	0.0035099622	0.018007947	0.010518856	0.0042631496	0.020539016	0.0077462294	0.018566502	0.025160933	0.023142062	0.0052409805	0.0762451	0.033424888	0.029607475	0.019078402	0.3048654	0.0665981	0.02487516	0.001656131	0.04667898	0.015160255	0.0073230863	0.03976955	0.005085731	0.0064690416	0.0049097673	0.1311456	0.008042233	0.0065845973
metabat.305.filtered	0.09183003	0.30111113	0.00031487178	0.0003608897	0.00024029629	0.001049852	0.0024332392	0.00035691497	0.009153909	0.0062167514	0.0020729639	0.00111551	0.0022337933	0.026874123	0.00039519297	0.020464947	0.0027257586	0.0005188588	0.00076519634	0.0012353582	0.0066865566	0.0012869041	0.022102073	0.0045991624	0.001166179	0.01512754	0.018957453	0.0017845738	0.5704051	0.00035496708	0.0013884391	0.002254035
metabat.249	0.0010955712	0.0007351752	0.0005941242	0.0016716659	0.015572875	0.0004801964	0.002235697	0.0025216024	0.04185821	0.20473929	0.0018457733	0.0017782263	0.0015146378	0.0011689306	0.0016373185	0.0008691995	0.00025952276	0.0006603138	0.0017318558	0.0045189653	0.0024208585	0.00066900643	0.0014422192	0.0007568931	0.0015923651	0.0012300645	0.00051920564	0.008485856	0.00052754016	0.004692622	0.003322686	0.15474212
metabat.9	0.00949582	1.5909507	0.00080134784	0.00063181575	0.0027499138	0.00049758295	0.0042453976	0.00016226014	0.04697686	0.003564065	0.0010011218	0.0012059466	0.00049392105	0.0060329973	0.0005416117	0.011137464	0.0006808657	0.22352734	0.0027531518	0.0005265967	0.0035709525	0.0002432002	0.011775955	0.013244337	0.00043309559	0.0016607736	0.004762765	0.011226168	0.02007536	0.0003939854	0.004260664	0.15337855
metabat.24	0.002849038	0.00030340988	0.0006569161	0.003349374	0.0012387304	0.0003227562	0.001284248	0.001571061	0.0034759725	0.021920308	0.0017952791	0.0012047648	0.0011805036	0.00058671733	0.0022309078	0.00060092955	0.0011700299	0.0009895551	0.0017152234	0.0015047712	0.0009353481	0.0019213464	0.0013041958	0.0041701705	0.0022364105	0.0007605948	0.001517473	0.00056795654	0.28508762	0.0017861151	0.00093248975	0.060741086
metabat.241	0.044596057	0.65761894	1.3738399	0.021389393	0.029507855	0.024507508	0.4816394	0.43820342	0.015401747	0.037803475	6.1557403	0.8357195	0.36903903	0.31845805	0.47408152	0.04220967	0.07975243	0.03043363	0.055804837	0.35859495	0.23263513	0.021701613	4.5039372	0.08899381	1.6937125	0.64396477	0.7304054	0.009329567	0.10969052	1.8434272	0.077944435	0.07209628
metabat.228	0.0035305235	0.009220089	0.0019587022	0.0011686502	0.009951319	0.0011138432	0.0072869314	0.004490293	0.029333701	2.945607	0.015431506	0.0017707356	0.00071426714	0.007839815	0.00063360826	0.0014784329	0.0033961025	0.00038071943	0.00080328376	0.0014292658	0.0023099675	0.0011286151	0.0012896351	0.06508295	0.0008870286	0.0017404289	0.032458797	0.0022922854	0.0614107	0.0008824471	0.011368364	0.0441685
metabat.93	0.28608778	0.007882923	0.056013215	0.025754755	0.1771899	0.006366986	0.0097065745	0.056507282	0.04402454	0.012312313	0.15040487	0.06541815	0.0335543	0.08278604	0.03482237	0.009805454	0.0049560475	0.024876805	0.017156247	0.14982529	0.027003286	0.01952875	0.03403376	0.27923438	0.11088115	0.029854557	0.06805084	0.0043387334	0.0135115525	0.11591863	0.008654479	0.10558256
metabat.470	0.052222874	0.0075151143	0.0011792146	0.0043052514	0.0012717083	0.0046864166	0.018502649	0.00366513	0.0040704934	0.002404313	0.001833603	0.1251913	0.0015026979	0.007319495	0.18656005	0.005881442	0.021979937	0.0085769445	0.18549752	0.15420963	0.03312752	0.002104985	0.1302361	0.12580213	0.013088552	0.054678027	0.02446114	0.0019298538	0.03955313	0.0058102314	0.0014550191	0.004846726
metabat.309	0.0075907833	0.0037658804	0.021293461	0.0022319888	0.0059028026	0.63140124	0.00041430694	0.00035608327	0.006043849	0.02405375	0.0033821159	0.0072699473	0.00077821006	0.0019048896	0.0008269529	0.05481611	0.0015933046	0.036523268	0.00016468516	0.008200722	0.00037620138	0.0036230353	0.0008935822	0.0018556401	0.00046169476	0.0012484731	0.011687956	0.05102696	0.023897981	0.0006502004	0.016368436	0.0655575
metabat.522	0.0125427265	0.0029094184	0.0082174465	0.14661369	0.029730394	0.0073856707	0.011030414	0.09939995	0.003569317	0.0050206934	0.0572089	0.020868046	0.007946469	0.008554371	0.0883136	0.0020502002	0.0020644646	0.008363463	0.043957233	0.0236084	0.02839098	0.035520762	0.019910876	0.0067372946	0.05727508	0.00649239	0.0023022962	0.0007169387	0.0029852535	0.20962627	0.008577443	0.003133765
metabat.568	0.0015805667	0.0004648508	0.00034499215	0.004979042	0.0008044024	0.00081736624	0.0035149406	0.0017809132	0.0037470434	0.08197155	0.004295929	0.0014052093	0.0038406104	0.0006349699	0.0024139178	0.0013728254	0.0032030933	0.0012205458	0.0011146928	0.0019717405	0.0006966567	0.0035805923	0.0014333508	0.0031678786	0.002733621	0.0017609705	0.0021385783	0.0038519262	0.8657433	0.0028632085	0.0018192232	0.31320614
metabat.436	0.034232564	0.0039879316	0.048850548	0.089745454	0.016411312	0.042571265	0.0071632424	0.0100507755	0.10165343	0.019934464	0.002742727	0.03543279	0.110096455	0.009061224	0.15278496	0.0022426622	0.02870018	0.033216767	0.16787118	0.0391192	0.06566003	0.11170051	0.047226153	0.023017203	0.006855096	0.035177432	0.012623037	0.027326047	0.011809914	0.012990109	0.24556729	0.004339355
metabat.102	0.10952204	0.011021071	0.023514893	0.23994315	0.10100146	0.015160931	0.25328922	0.21800947	0.24576889	0.013149943	0.13273747	0.18726891	0.023486478	0.015562897	0.07305019	0.054965682	0.012234062	0.15719281	0.064649396	0.107518815	0.07759678	0.044737983	0.059335053	0.53469104	0.25602013	0.027542137	0.10766915	0.011074708	0.06401047	0.17386474	0.028996205	0.25503471
metabat.38	0.5676288	0.06389241	0.09029222	0.256668	0.08129066	0.16179779	0.052044127	0.2319273	0.042339087	0.23418589	0.06433282	0.0523439	0.11752282	0.15306695	0.2632677	0.08779138	0.013739879	0.14069526	0.07673458	0.6130594	0.046102714	0.11652394	0.07332046	0.08941609	0.10750213	0.05275211	0.11640743	0.113838956	0.07145128	0.27749148	0.1331461	0.08186407
metabat.174	0.009678493	0.15682554	0.12285746	0.08247317	0.0075731133	0.001587632	1.4066286	0.05100382	0.4062199	0.01804233	0.40550715	0.048142523	0.047976036	0.018719206	0.019261379	0.045281686	0.038501292	0.101220846	0.116393	0.10271885	0.018105652	0.0039937384	0.082583286	0.08567547	0.07234477	0.020526437	0.016565582	0.028113563	0.019291732	0.111664824	0.69503546	0.01676231
metabat.44	0.009756802	0.00085580355	0.0010006594	0.0006366542	0.000999567	0.0010835622	0.006684342	0.00055062823	0.20723987	0.00974981	0.020289902	0.036159627	0.0055158837	0.026816208	0.0009857434	0.016038707	0.4467567	0.0026834493	0.00071336696	0.0043568285	0.00064117106	0.00084221317	0.0036517794	0.010940903	0.0028160715	0.015624126	0.002841323	0.023731036	0.020619892	0.0011685673	0.1688506	0.0071121426
metabat.244	0.018896101	0.005590435	0.007447655	0.115896374	0.0038201795	0.003704743	0.012090251	0.15250252	0.003615353	0.0027972232	0.0027848566	0.027505692	0.017847205	0.005072678	0.22774751	0.0022128068	0.008231922	0.016258582	0.2096366	0.0339897	0.015512267	0.058480967	0.11249942	0.007222579	0.008624843	0.044675153	0.0069879745	0.0012748974	0.00406038	0.13956125	0.0076289545	0.0032828206
metabat.323	0.017252875	0.009579487	0.0012825857	0.0023423235	0.012083507	0.011060724	0.0062334365	0.0030527078	0.0075704735	0.18804722	0.20592108	0.0011131648	0.0019164238	0.003683736	0.0059329346	0.006430168	0.006813572	0.00048057077	0.005582505	0.0044256244	0.0056220675	0.0164857	0.0030104555	0.051245816	0.0038353144	0.013270321	0.05208163	0.004572777	0.009542037	0.0020203758	0.005994146	0.39528304
metabat.325	0.12767433	0.0077016605	0.014766959	0.16643254	0.071241826	0.010914451	0.14445387	0.12547772	0.14578941	0.011236219	0.078629486	0.115673155	0.016149845	0.011233696	0.046761926	0.03412578	0.00851334	0.10610311	0.04452097	0.09798343	0.05160775	0.02913221	0.04113376	1.0391347	0.17766517	0.01773252	0.064067945	0.010670754	0.03850122	0.1269814	0.06908019	0.2602669
metabat.350	0.008151536	0.0036231386	0.0025992915	0.014377888	0.008154238	0.0013179966	0.01633723	0.015031241	0.00813017	0.0036856234	0.010414761	0.009586143	0.010865546	0.0040437146	0.008601131	0.0021974237	0.0014160279	0.008559361	0.2657557	0.011063103	0.009791405	0.0074304473	0.00897106	0.010738166	0.013041455	0.0055092415	0.0067747994	0.0010497422	0.0034636043	0.014347103	0.0025496033	0.0058092116
metabat.250	0.07902795	0.04057626	0.38215414	0.3838863	0.013237535	0.118333355	0.11352992	1.0190039	0.082318395	0.048384976	0.021555804	0.2474132	0.08934737	0.11372125	0.8001156	0.03852337	0.046984386	0.55593836	2.557169	0.20377526	1.1361094	0.8226351	0.71121335	0.09491308	1.631281	0.101269454	0.02132785	0.009156021	0.059013918	3.0238998	0.077500746	0.051247347
metabat.132	0.04049304	0.00043736736	0.0032138387	0.016236145	0.38713366	0.0039091296	0.0020761676	0.01232157	0.0057419934	0.002754782	0.0018563665	0.12565275	0.0017012536	0.01458162	0.025489418	0.0024266462	0.014264463	0.0031520855	0.03936517	0.013247317	0.006196076	0.0025172133	0.018751586	0.021891493	0.049597885	0.0051751533	0.004475858	0.008024926	0.008931123	0.17346731	0.001964269	0.0018113354
metabat.569	0.018273903	0.0021688058	0.010792932	0.12852149	0.0456504	0.002659198	0.0018626555	0.019367147	0.006995967	0.0019551578	0.0012187891	0.014835626	0.015021508	0.0061735515	0.19086573	0.000886944	0.004625333	0.007846768	0.128409	0.030032828	0.05899603	0.1570497	0.032877084	0.0073556905	0.008280101	0.02048441	0.0016120161	0.0012527368	0.004270112	0.023199629	0.19251552	0.0016893491
metabat.202	0.12339512	0.044305775	0.013796612	0.047677804	0.028089222	0.037272718	0.010711034	0.016870566	0.02833599	0.5379429	0.090610296	0.141974	0.024811115	0.02482672	0.079989955	0.025524724	0.043885466	0.03077645	0.03445843	0.12839532	0.013440177	0.022645198	0.016339932	0.27539966	0.019417975	0.012105708	0.10921477	0.018723669	0.10997764	0.011328385	0.031705484	0.15214257
metabat.486	0.07696479	0.11047261	0.00037603074	0.0005448499	0.00036942985	0.0056623067	0.0012258727	0.00030558158	0.013162022	0.021538286	0.0019900354	0.0009028323	0.0013685472	0.0025566318	0.00043936755	0.038328093	0.0016472723	0.0005211696	0.000512445	0.0008482804	0.0015273988	0.000793906	0.02767157	0.0053176545	0.0005557434	0.0040566837	0.008131689	0.0038937805	0.23705095	0.00034278288	0.0017512713	0.0020868212
metabat.445	0.013816516	0.0075724283	0.0055156713	0.0043668356	0.015951764	0.0011155199	0.033309907	0.018447213	0.0062489132	0.021642935	0.020683039	0.01956556	0.06694444	0.009503417	0.09357489	0.0022806088	0.002526086	0.0045783226	0.0040029082	0.017347887	0.33626315	0.004016248	0.012778882	0.12867233	0.008378603	0.0045341006	0.007635615	0.0042329454	0.0124829095	0.0056939544	0.0064169243	0.01703406
metabat.160	0.0012218133	0.00039133252	0.00023508794	0.0024807446	0.00096982217	0.0004510293	0.010475893	0.0013336762	0.0016742344	0.00605628	0.003641451	0.014727219	0.0014378013	0.001023673	0.0019130295	0.0012957902	0.0006532001	0.0008879307	0.0010410695	0.0018695053	0.0007668728	0.0012456762	0.0015519542	0.046006195	0.0020548026	0.0018644937	0.0033999966	0.0016496327	0.108746506	0.0024342325	0.0037537753	0.2854766
metabat.417	0.013344379	0.26667634	0.17659615	0.11534874	0.010145567	0.003185999	0.23266299	0.3103354	0.01120354	0.012845764	0.30127645	0.13380323	0.17731903	0.01963792	0.14295922	0.015148138	0.032451995	0.0054656393	0.042100303	0.08534439	0.14014795	0.0066455733	0.41186476	0.068938576	0.1572444	0.09750245	0.1564137	0.023148457	0.016154911	0.1379267	0.03230281	0.008195784
metabat.384	0.0475042	0.0031015696	0.0032337843	0.027186817	0.0033048564	0.012987363	0.0031255158	0.0017320783	0.008677376	0.046414472	0.0129688	0.13306901	0.0075270864	0.003273337	0.0055312845	0.020405898	0.013396989	0.0037084017	0.002854036	0.068574235	0.003054276	0.00075536704	0.0021215717	0.02550714	0.0034648494	0.0094324155	0.010060286	0.0033392792	0.017978838	0.0021474925	0.0075526256	0.015229886
metabat.412	0.0032772634	0.0005421096	0.0007820783	0.09419247	0.0014114069	0.0010415401	0.0018155054	0.0035451704	0.0030947502	0.0014382311	0.0024834282	0.0029483167	0.0045425952	0.00084311847	0.13584894	0.0012778111	0.0011788228	0.00432401	0.15218635	0.03144992	0.0030345852	0.0013739837	0.012151798	0.0049429317	0.0028485532	0.0037623923	0.0015676618	0.0008563155	0.0018294606	0.011444754	0.0010430278	0.0020557635
metabat.105	0.08647587	0.30293855	0.01698223	0.04315659	0.020243734	0.0075321686	0.099919945	0.30111507	0.2755248	0.07462812	0.048363492	0.05543443	0.049003918	1.9077996	0.028097976	0.04474789	0.6523665	0.021621902	0.030715426	0.040633436	0.043705687	0.01567847	0.38216567	0.22882436	0.100894935	0.37965125	0.073600486	1.3261334	0.25052923	0.033474863	0.38347334	0.4621807
metabat.549	0.0028217162	0.024661664	0.103583746	0.002926856	0.010976999	0.0054692333	0.0024655634	0.0010156378	0.0013261965	0.0020859728	0.0012517212	0.0015600096	0.0018322823	0.003486073	0.0036979618	0.01174342	0.0047101923	0.0039587882	0.008815766	0.0028698742	0.19915864	0.006242853	0.13789041	0.0013827494	0.023812564	0.01407898	0.0017218787	0.0026081407	0.0035565181	0.0013574584	0.0045037195	0.0034622934
